experiment,parameter_1,value_1,parameter_2,value_2,total_flow,major_share,mode,replications,mean_delay,p95_delay,throughput,end_queue,max_approach_delay,delay_gini,conflict_exposures_per_1000,ambiguity_events_per_1000,pedestrian_blocks_per_1000
crossover,left_turn_share,0.0,,,900,0.5,AWSC,24,4.9689,9.5504,894.9167,1.5417,5.1517,0.0158,136.4346,0.0,0.0
crossover,left_turn_share,0.0,,,900,0.5,Signal,24,13.6879,38.1528,893.2917,0.0,14.7268,0.031,0.0,0.0,0.0
crossover,left_turn_share,0.0,,,1000,0.5,AWSC,24,5.4042,10.5039,1007.9167,1.3333,5.6027,0.0147,145.7399,0.0,0.0
crossover,left_turn_share,0.0,,,1000,0.5,Signal,24,14.0854,38.288,1005.8333,0.0,15.0437,0.0268,0.0,0.0,0.0
crossover,left_turn_share,0.0,,,1100,0.5,AWSC,24,5.842,11.7817,1101.375,2.125,6.0686,0.0156,163.6759,0.0,0.0
crossover,left_turn_share,0.0,,,1100,0.5,Signal,24,14.3497,38.3187,1099.1667,0.0,15.3461,0.0274,0.0,0.0,0.0
crossover,left_turn_share,0.0,,,1200,0.5,AWSC,24,6.3946,12.9133,1201.0417,1.9167,6.6632,0.0167,177.0035,0.0,0.0
crossover,left_turn_share,0.0,,,1200,0.5,Signal,24,14.4782,38.4479,1199.0833,0.0,15.5074,0.0283,0.0,0.0,0.0
crossover,left_turn_share,0.0,,,1300,0.5,AWSC,24,7.2754,15.0518,1312.375,3.4583,7.5024,0.0133,187.2018,0.0,0.0
crossover,left_turn_share,0.0,,,1300,0.5,Signal,24,14.789,38.4076,1310.375,0.0,15.887,0.0319,0.0,0.0,0.0
crossover,left_turn_share,0.0,,,1400,0.5,AWSC,24,8.2737,17.8514,1400.0417,3.8333,8.5485,0.014,199.5208,0.0,0.0
crossover,left_turn_share,0.0,,,1400,0.5,Signal,24,15.3014,38.6068,1398.0,0.0,16.2102,0.0242,0.0,0.0,0.0
crossover,left_turn_share,0.0,,,1500,0.5,AWSC,24,10.3247,22.5349,1488.2917,5.0417,10.5919,0.0114,210.8105,0.0,0.0
crossover,left_turn_share,0.0,,,1500,0.5,Signal,24,15.2146,38.5337,1487.75,0.0,16.2178,0.0266,0.0,0.0,0.0
crossover,left_turn_share,0.0,,,1600,0.5,AWSC,24,13.6787,31.2196,1596.7083,6.5,14.1602,0.0142,226.6259,0.0,0.0
crossover,left_turn_share,0.0,,,1600,0.5,Signal,24,15.6032,38.7791,1597.2083,0.0,16.3795,0.0207,0.0,0.0,0.0
crossover,left_turn_share,0.0,,,1700,0.5,AWSC,24,24.2507,51.4656,1696.7917,12.125,24.8938,0.0121,238.3189,0.0,0.0
crossover,left_turn_share,0.0,,,1700,0.5,Signal,24,15.9821,38.8665,1702.6667,0.0,16.7642,0.0213,0.0,0.0,0.0
crossover,left_turn_share,0.0,,,1800,0.5,AWSC,24,77.2427,129.7657,1761.25,49.1667,78.9607,0.0092,249.284,0.0,0.0
crossover,left_turn_share,0.0,,,1800,0.5,Signal,24,16.3186,39.0785,1803.5,0.0,17.1691,0.0204,0.0,0.0,0.0
crossover,left_turn_share,0.0,,,1900,0.5,AWSC,24,176.8231,279.9316,1757.7917,147.375,179.3694,0.0069,247.8395,0.0,0.0
crossover,left_turn_share,0.0,,,1900,0.5,Signal,24,16.8431,39.149,1897.75,0.0,17.806,0.0239,0.0,0.0,0.0
crossover,left_turn_share,0.0,,,2000,0.5,AWSC,24,272.271,429.5078,1741.875,250.3333,276.2529,0.007,249.7279,0.0,0.0
crossover,left_turn_share,0.0,,,2000,0.5,Signal,24,17.0643,39.3078,1984.5417,0.0,18.1713,0.0247,0.0,0.0,0.0
crossover,left_turn_share,0.1,,,900,0.5,AWSC,24,5.3166,10.2794,892.75,1.3333,5.5,0.0141,143.3733,0.0,0.0
crossover,left_turn_share,0.1,,,900,0.5,Signal,24,13.8571,38.2241,891.1667,0.0,14.9704,0.0323,0.0,0.0,0.0
crossover,left_turn_share,0.1,,,1000,0.5,AWSC,24,5.9049,11.8684,995.7083,1.3333,6.1296,0.0151,155.6996,0.0,0.0
crossover,left_turn_share,0.1,,,1000,0.5,Signal,24,14.2319,38.3896,993.5833,0.0,15.185,0.0289,0.0,0.0,0.0
crossover,left_turn_share,0.1,,,1100,0.5,AWSC,24,6.5373,13.4837,1108.8333,2.2917,6.7984,0.0165,166.7943,0.0,0.0
crossover,left_turn_share,0.1,,,1100,0.5,Signal,24,14.4188,38.288,1107.0,0.0,15.4564,0.0293,0.0,0.0,0.0
crossover,left_turn_share,0.1,,,1200,0.5,AWSC,24,7.1193,14.6201,1199.2083,2.0417,7.364,0.0137,190.1686,0.0,0.0
crossover,left_turn_share,0.1,,,1200,0.5,Signal,24,14.5788,38.4117,1197.5,0.0,15.6634,0.0282,0.0,0.0,0.0
crossover,left_turn_share,0.1,,,1300,0.5,AWSC,24,8.203,17.383,1296.125,3.0833,8.5175,0.0162,199.3771,0.0,0.0
crossover,left_turn_share,0.1,,,1300,0.5,Signal,24,14.927,38.465,1294.4583,0.0,15.9731,0.0291,0.0,0.0,0.0
crossover,left_turn_share,0.1,,,1400,0.5,AWSC,24,10.2423,23.2478,1394.125,5.25,10.6265,0.0143,210.0548,0.0,0.0
crossover,left_turn_share,0.1,,,1400,0.5,Signal,24,15.4328,38.7988,1393.2917,0.0,16.4719,0.0283,0.0,0.0,0.0
crossover,left_turn_share,0.1,,,1500,0.5,AWSC,24,14.017,33.9804,1499.625,6.7917,14.5031,0.0144,229.425,0.0,0.0
crossover,left_turn_share,0.1,,,1500,0.5,Signal,24,15.6145,38.834,1500.3333,0.0,16.629,0.0259,0.0,0.0,0.0
crossover,left_turn_share,0.1,,,1600,0.5,AWSC,24,21.8278,47.5546,1580.3333,12.7083,22.6574,0.0151,232.8564,0.0,0.0
crossover,left_turn_share,0.1,,,1600,0.5,Signal,24,15.8754,38.87,1586.2917,0.0,16.7603,0.0231,0.0,0.0,0.0
crossover,left_turn_share,0.1,,,1700,0.5,AWSC,24,61.7863,107.2112,1664.1667,33.25,63.0986,0.01,247.4284,0.0,0.0
crossover,left_turn_share,0.1,,,1700,0.5,Signal,24,16.4266,39.1647,1691.125,0.0,17.5999,0.0288,0.0,0.0,0.0
crossover,left_turn_share,0.1,,,1800,0.5,AWSC,24,166.3037,256.0495,1681.0,129.7917,169.4805,0.0083,247.9953,0.0,0.0
crossover,left_turn_share,0.1,,,1800,0.5,Signal,24,16.8445,39.3215,1803.5417,0.0,17.8057,0.0237,0.0,0.0,0.0
crossover,left_turn_share,0.1,,,1900,0.5,AWSC,24,282.9913,456.2056,1662.25,244.9583,287.8579,0.0067,246.3626,0.0,0.0
crossover,left_turn_share,0.1,,,1900,0.5,Signal,24,17.4232,39.6844,1898.7917,0.0,18.6502,0.0276,0.0,0.0,0.0
crossover,left_turn_share,0.1,,,2000,0.5,AWSC,24,365.926,599.5566,1646.875,347.8333,372.8553,0.0078,249.7769,0.0,0.0
crossover,left_turn_share,0.1,,,2000,0.5,Signal,24,17.6759,39.8276,1986.2917,0.0833,18.8994,0.0274,0.0,0.0,0.0
crossover,left_turn_share,0.2,,,900,0.5,AWSC,24,5.7017,11.1095,898.875,0.7917,5.8914,0.0137,148.5764,0.0,0.0
crossover,left_turn_share,0.2,,,900,0.5,Signal,24,13.9768,38.1523,897.25,0.0,14.8871,0.0252,0.0,0.0,0.0
crossover,left_turn_share,0.2,,,1000,0.5,AWSC,24,6.3687,12.9907,1006.4583,1.5,6.6123,0.0162,163.4923,0.0,0.0
crossover,left_turn_share,0.2,,,1000,0.5,Signal,24,14.1421,38.2628,1004.5417,0.0,15.3758,0.037,0.0,0.0,0.0
crossover,left_turn_share,0.2,,,1100,0.5,AWSC,24,7.0064,14.3637,1091.2917,2.1667,7.2324,0.0134,177.7643,0.0,0.0
crossover,left_turn_share,0.2,,,1100,0.5,Signal,24,14.5362,38.2716,1089.375,0.0,15.4176,0.0261,0.0,0.0,0.0
crossover,left_turn_share,0.2,,,1200,0.5,AWSC,24,7.7213,15.9688,1182.6667,2.5833,7.9707,0.0135,192.5766,0.0,0.0
crossover,left_turn_share,0.2,,,1200,0.5,Signal,24,14.7031,38.3271,1181.2083,0.0,15.7543,0.0287,0.0,0.0,0.0
crossover,left_turn_share,0.2,,,1300,0.5,AWSC,24,10.207,23.4106,1304.4583,4.2917,10.6068,0.0156,206.0732,0.0,0.0
crossover,left_turn_share,0.2,,,1300,0.5,Signal,24,15.3255,38.539,1304.5,0.0417,16.298,0.0263,0.0,0.0,0.0
crossover,left_turn_share,0.2,,,1400,0.5,AWSC,24,13.4566,31.3924,1403.6667,6.1667,14.0347,0.0164,220.2975,0.0,0.0
crossover,left_turn_share,0.2,,,1400,0.5,Signal,24,15.5049,38.7967,1404.8333,0.0833,16.348,0.0244,0.0,0.0,0.0
crossover,left_turn_share,0.2,,,1500,0.5,AWSC,24,19.2665,41.3075,1496.1667,8.4583,19.9281,0.0131,234.9438,0.0,0.0
crossover,left_turn_share,0.2,,,1500,0.5,Signal,24,15.8365,38.8311,1498.7083,0.0,17.0407,0.0286,0.0,0.0,0.0
crossover,left_turn_share,0.2,,,1600,0.5,AWSC,24,46.1474,86.7284,1578.0833,27.4583,47.1676,0.0102,241.6524,0.0,0.0
crossover,left_turn_share,0.2,,,1600,0.5,Signal,24,16.144,38.9019,1599.3333,0.0,17.2339,0.0269,0.0,0.0,0.0
crossover,left_turn_share,0.2,,,1700,0.5,AWSC,24,118.3422,196.4483,1600.0,88.3333,120.6289,0.0084,247.7168,0.0,0.0
crossover,left_turn_share,0.2,,,1700,0.5,Signal,24,16.514,39.1706,1681.875,0.0,17.516,0.0254,0.0,0.0,0.0
crossover,left_turn_share,0.2,,,1800,0.5,AWSC,24,218.3767,361.8269,1597.1667,187.75,222.3754,0.0075,246.766,0.0,0.0
crossover,left_turn_share,0.2,,,1800,0.5,Signal,24,17.194,39.587,1778.2083,0.0417,18.4108,0.028,0.0,0.0,0.0
crossover,left_turn_share,0.2,,,1900,0.5,AWSC,24,400.2942,639.36,1563.2917,351.0417,408.326,0.0083,248.0756,0.0,0.0
crossover,left_turn_share,0.2,,,1900,0.5,Signal,24,17.814,39.9468,1905.4583,0.0,19.0771,0.0269,0.0,0.0,0.0
crossover,left_turn_share,0.2,,,2000,0.5,AWSC,24,489.4071,792.6007,1540.25,448.375,498.3729,0.0067,248.1297,0.0,0.0
crossover,left_turn_share,0.2,,,2000,0.5,Signal,24,18.5946,40.6699,1978.6667,0.2917,19.6861,0.0254,0.0,0.0,0.0
crossover,left_turn_share,0.3,,,900,0.5,AWSC,24,6.16,12.4201,895.625,1.6667,6.3691,0.0132,156.2776,0.0,0.0
crossover,left_turn_share,0.3,,,900,0.5,Signal,24,14.1507,38.3045,894.5,0.0,15.3033,0.0316,0.0,0.0,0.0
crossover,left_turn_share,0.3,,,1000,0.5,AWSC,24,6.8076,14.1105,992.0,2.2917,7.0856,0.0172,165.5461,0.0,0.0
crossover,left_turn_share,0.3,,,1000,0.5,Signal,24,14.2361,38.2308,991.0,0.0,15.3177,0.0328,0.0,0.0,0.0
crossover,left_turn_share,0.3,,,1100,0.5,AWSC,24,7.97,16.5641,1102.75,2.2917,8.2997,0.0171,187.0707,0.0,0.0
crossover,left_turn_share,0.3,,,1100,0.5,Signal,24,14.891,38.5555,1101.4167,0.0,15.9189,0.0277,0.0,0.0,0.0
crossover,left_turn_share,0.3,,,1200,0.5,AWSC,24,9.5768,21.5471,1206.375,3.0833,9.9007,0.0134,199.0637,0.0,0.0
crossover,left_turn_share,0.3,,,1200,0.5,Signal,24,15.0861,38.6008,1204.7083,0.0,16.0802,0.0278,0.0,0.0,0.0
crossover,left_turn_share,0.3,,,1300,0.5,AWSC,24,11.2169,24.7988,1286.1667,3.625,11.6885,0.0163,211.8125,0.0,0.0
crossover,left_turn_share,0.3,,,1300,0.5,Signal,24,15.4662,38.7563,1285.75,0.0,16.4355,0.0265,0.0,0.0,0.0
crossover,left_turn_share,0.3,,,1400,0.5,AWSC,24,15.9393,36.8697,1393.9583,5.4167,16.5241,0.0157,225.9458,0.0,0.0
crossover,left_turn_share,0.3,,,1400,0.5,Signal,24,15.5362,38.7561,1394.4167,0.0,16.5562,0.0281,0.0,0.0,0.0
crossover,left_turn_share,0.3,,,1500,0.5,AWSC,24,36.8299,74.7192,1489.125,15.9583,38.1394,0.0146,240.2864,0.0,0.0
crossover,left_turn_share,0.3,,,1500,0.5,Signal,24,16.1958,39.0353,1499.5417,0.0,17.2003,0.0278,0.0,0.0,0.0
crossover,left_turn_share,0.3,,,1600,0.5,AWSC,24,95.6426,153.6874,1533.4167,53.2917,97.2115,0.0084,247.6512,0.0,0.0
crossover,left_turn_share,0.3,,,1600,0.5,Signal,24,16.5107,39.1896,1580.25,0.0,17.415,0.0227,0.0,0.0,0.0
crossover,left_turn_share,0.3,,,1700,0.5,AWSC,24,241.706,374.1146,1520.625,181.125,245.6902,0.0072,245.459,0.0,0.0
crossover,left_turn_share,0.3,,,1700,0.5,Signal,24,17.1273,39.3689,1694.5,0.0,18.2824,0.0263,0.0,0.0,0.0
crossover,left_turn_share,0.3,,,1800,0.5,AWSC,24,352.7565,578.992,1510.375,295.6667,359.0187,0.0077,251.8316,0.0,0.0
crossover,left_turn_share,0.3,,,1800,0.5,Signal,24,17.7165,39.8856,1798.3333,0.0,19.0208,0.0301,0.0,0.0,0.0
crossover,left_turn_share,0.3,,,1900,0.5,AWSC,24,456.6231,736.3745,1481.0,401.375,467.6248,0.0097,249.2327,0.0,0.0
crossover,left_turn_share,0.3,,,1900,0.5,Signal,24,18.274,40.2221,1874.4167,0.125,19.4298,0.0272,0.0,0.0,0.0
crossover,left_turn_share,0.3,,,2000,0.5,AWSC,24,581.475,940.3687,1453.0833,541.0417,593.3496,0.0086,247.2833,0.0,0.0
crossover,left_turn_share,0.3,,,2000,0.5,Signal,24,19.129,40.9921,1984.6667,0.0417,20.7329,0.0305,0.0,0.0,0.0
crossover,left_turn_share,0.4,,,900,0.5,AWSC,24,6.363,12.9023,895.25,1.5,6.6009,0.016,159.8418,0.0,0.0
crossover,left_turn_share,0.4,,,900,0.5,Signal,24,14.2128,38.2926,893.9583,0.0,15.3993,0.0318,0.0,0.0,0.0
crossover,left_turn_share,0.4,,,1000,0.5,AWSC,24,7.5034,15.6952,1008.5833,2.4583,7.8036,0.0153,180.1502,0.0,0.0
crossover,left_turn_share,0.4,,,1000,0.5,Signal,24,14.4622,38.3299,1007.0,0.0,15.4982,0.0284,0.0,0.0,0.0
crossover,left_turn_share,0.4,,,1100,0.5,AWSC,24,8.7518,18.785,1102.3333,3.375,9.0267,0.0125,195.2129,0.0,0.0
crossover,left_turn_share,0.4,,,1100,0.5,Signal,24,14.8756,38.6646,1102.0833,0.0,15.893,0.0289,0.0,0.0,0.0
crossover,left_turn_share,0.4,,,1200,0.5,AWSC,24,10.9268,24.7183,1198.1667,3.4583,11.3652,0.015,207.9085,0.0,0.0
crossover,left_turn_share,0.4,,,1200,0.5,Signal,24,15.1007,38.5861,1197.75,0.0,16.1835,0.0297,0.0,0.0,0.0
crossover,left_turn_share,0.4,,,1300,0.5,AWSC,24,14.7105,36.1946,1285.5833,4.6667,15.3407,0.0176,222.653,0.0,0.0
crossover,left_turn_share,0.4,,,1300,0.5,Signal,24,15.6409,38.835,1286.25,0.0,16.766,0.03,0.0,0.0,0.0
crossover,left_turn_share,0.4,,,1400,0.5,AWSC,24,23.635,51.5791,1388.9167,10.625,24.4259,0.013,234.5518,0.0,0.0
crossover,left_turn_share,0.4,,,1400,0.5,Signal,24,16.1622,39.0902,1394.2083,0.0,17.1026,0.0255,0.0,0.0,0.0
crossover,left_turn_share,0.4,,,1500,0.5,AWSC,24,68.015,117.6575,1467.0417,39.125,69.6891,0.0106,242.2021,0.0,0.0
crossover,left_turn_share,0.4,,,1500,0.5,Signal,24,16.5468,39.3111,1500.625,0.0,17.557,0.0255,0.0,0.0,0.0
crossover,left_turn_share,0.4,,,1600,0.5,AWSC,24,208.6433,314.4088,1465.2917,139.7083,212.7223,0.0083,244.4575,0.0,0.0
crossover,left_turn_share,0.4,,,1600,0.5,Signal,24,16.8891,39.4026,1598.7083,0.0,18.0455,0.0279,0.0,0.0,0.0
crossover,left_turn_share,0.4,,,1700,0.5,AWSC,24,331.8486,519.5069,1433.625,254.9167,337.605,0.0071,247.6755,0.0,0.0
crossover,left_turn_share,0.4,,,1700,0.5,Signal,24,17.3935,39.7705,1681.5417,0.0,18.4175,0.0243,0.0,0.0,0.0
crossover,left_turn_share,0.4,,,1800,0.5,AWSC,24,456.4406,724.9618,1419.2917,377.6667,465.0853,0.0076,249.4313,0.0,0.0
crossover,left_turn_share,0.4,,,1800,0.5,Signal,24,18.3485,40.3681,1789.1667,0.0833,19.7066,0.029,0.0,0.0,0.0
crossover,left_turn_share,0.4,,,1900,0.5,AWSC,24,572.759,915.1749,1395.9167,501.75,584.9127,0.0085,247.1651,0.0,0.0
crossover,left_turn_share,0.4,,,1900,0.5,Signal,24,19.168,41.4677,1889.25,0.0417,21.0869,0.0361,0.0,0.0,0.0
crossover,left_turn_share,0.4,,,2000,0.5,AWSC,24,680.0363,1103.3511,1364.2083,639.125,692.2861,0.0072,248.3119,0.0,0.0
crossover,left_turn_share,0.4,,,2000,0.5,Signal,24,20.1754,43.4454,1992.3333,0.8333,22.207,0.0377,0.0,0.0,0.0
crossover,pedestrian_rate,0,,,900,0.5,AWSC,24,5.4118,10.6545,886.9167,1.375,5.6317,0.0154,140.6023,0.0,0.0
crossover,pedestrian_rate,0,,,900,0.5,Signal,24,13.7857,37.9722,885.25,0.0,14.7144,0.0291,0.0,0.0,0.0
crossover,pedestrian_rate,0,,,1000,0.5,AWSC,24,5.895,11.8079,1001.5417,1.8333,6.0972,0.0148,159.8253,0.0,0.0
crossover,pedestrian_rate,0,,,1000,0.5,Signal,24,14.0513,38.1019,999.7083,0.0,14.9767,0.0294,0.0,0.0,0.0
crossover,pedestrian_rate,0,,,1100,0.5,AWSC,24,6.3184,12.8148,1096.0833,2.0833,6.5357,0.0156,167.7307,0.0,0.0
crossover,pedestrian_rate,0,,,1100,0.5,Signal,24,14.2231,38.2362,1093.75,0.0,15.2211,0.0324,0.0,0.0,0.0
crossover,pedestrian_rate,0,,,1200,0.5,AWSC,24,7.1511,14.8742,1192.5,1.7083,7.4164,0.0159,180.982,0.0,0.0
crossover,pedestrian_rate,0,,,1200,0.5,Signal,24,14.8141,38.4925,1190.5833,0.0,15.6499,0.0224,0.0,0.0,0.0
crossover,pedestrian_rate,0,,,1300,0.5,AWSC,24,8.39,17.7832,1297.875,4.0417,8.6383,0.0125,195.4489,0.0,0.0
crossover,pedestrian_rate,0,,,1300,0.5,Signal,24,15.0258,38.47,1296.5,0.0,15.9704,0.0252,0.0,0.0,0.0
crossover,pedestrian_rate,0,,,1400,0.5,AWSC,24,9.9647,21.7118,1386.9167,3.125,10.3527,0.0153,211.6091,0.0,0.0
crossover,pedestrian_rate,0,,,1400,0.5,Signal,24,15.2887,38.6775,1384.9167,0.0,16.0069,0.0213,0.0,0.0,0.0
crossover,pedestrian_rate,0,,,1500,0.5,AWSC,24,13.143,30.4864,1486.7917,5.6667,13.5559,0.0138,217.6903,0.0,0.0
crossover,pedestrian_rate,0,,,1500,0.5,Signal,24,15.6476,38.6935,1487.3333,0.0,16.5547,0.0243,0.0,0.0,0.0
crossover,pedestrian_rate,0,,,1600,0.5,AWSC,24,23.262,52.3551,1596.125,10.0417,23.9632,0.0127,237.8142,0.0,0.0
crossover,pedestrian_rate,0,,,1600,0.5,Signal,24,16.1313,38.9556,1599.9167,0.0,17.2724,0.0293,0.0,0.0,0.0
crossover,pedestrian_rate,0,,,1700,0.5,AWSC,24,51.627,88.4857,1668.5417,30.625,52.6357,0.0093,242.4134,0.0,0.0
crossover,pedestrian_rate,0,,,1700,0.5,Signal,24,16.1142,38.9527,1692.9583,0.0,17.0683,0.0252,0.0,0.0,0.0
crossover,pedestrian_rate,0,,,1800,0.5,AWSC,24,151.1388,231.6373,1680.625,119.375,153.5991,0.0078,249.4678,0.0,0.0
crossover,pedestrian_rate,0,,,1800,0.5,Signal,24,16.7296,39.298,1792.9583,0.0,17.5955,0.0222,0.0,0.0,0.0
crossover,pedestrian_rate,0,,,1900,0.5,AWSC,24,270.4833,425.674,1658.3333,236.6667,275.0512,0.0074,249.5413,0.0,0.0
crossover,pedestrian_rate,0,,,1900,0.5,Signal,24,17.0749,39.5748,1886.75,0.125,18.1554,0.0247,0.0,0.0,0.0
crossover,pedestrian_rate,0,,,2000,0.5,AWSC,24,377.0984,603.3035,1641.375,353.7917,385.0232,0.008,246.4769,0.0,0.0
crossover,pedestrian_rate,0,,,2000,0.5,Signal,24,17.6173,39.8097,1987.375,0.0,18.6306,0.0238,0.0,0.0,0.0
crossover,pedestrian_rate,50,,,900,0.5,AWSC,24,5.9291,12.4099,886.875,1.4167,6.2098,0.0188,150.8219,0.0,49.9983
crossover,pedestrian_rate,50,,,900,0.5,Signal,24,13.9021,38.0358,885.2083,0.0,14.8348,0.0289,0.0,0.0,22.081
crossover,pedestrian_rate,50,,,1000,0.5,AWSC,24,6.6486,14.5568,1001.0417,2.3333,6.9287,0.0184,167.4684,0.0,49.5444
crossover,pedestrian_rate,50,,,1000,0.5,Signal,24,14.1891,38.1895,999.7083,0.0,15.1393,0.0299,0.0,0.0,23.3084
crossover,pedestrian_rate,50,,,1100,0.5,AWSC,24,7.2989,15.963,1095.8333,2.3333,7.6258,0.0186,176.9837,0.0,48.83
crossover,pedestrian_rate,50,,,1100,0.5,Signal,24,14.3731,38.3371,1093.625,0.0,15.4042,0.0326,0.0,0.0,23.6958
crossover,pedestrian_rate,50,,,1200,0.5,AWSC,24,8.6037,19.2858,1192.0,2.2083,8.943,0.0171,192.5165,0.0,47.3067
crossover,pedestrian_rate,50,,,1200,0.5,Signal,24,14.9713,38.5866,1190.4167,0.0,15.8429,0.023,0.0,0.0,23.1709
crossover,pedestrian_rate,50,,,1300,0.5,AWSC,24,11.2488,25.8779,1296.75,5.1667,11.5848,0.0133,208.6902,0.0,50.7732
crossover,pedestrian_rate,50,,,1300,0.5,Signal,24,15.2447,38.5975,1296.4167,0.0,16.2374,0.0262,0.0,0.0,23.518
crossover,pedestrian_rate,50,,,1400,0.5,AWSC,24,14.7845,35.2843,1385.0417,5.0,15.476,0.0174,222.0825,0.0,48.2536
crossover,pedestrian_rate,50,,,1400,0.5,Signal,24,15.5326,38.8472,1384.75,0.0,16.348,0.0222,0.0,0.0,22.2972
crossover,pedestrian_rate,50,,,1500,0.5,AWSC,24,24.9999,56.5671,1482.625,9.8333,25.9053,0.014,233.4495,0.0,49.5221
crossover,pedestrian_rate,50,,,1500,0.5,Signal,24,15.9113,38.8653,1487.125,0.0,16.8057,0.0244,0.0,0.0,23.2068
crossover,pedestrian_rate,50,,,1600,0.5,AWSC,24,82.6678,147.1821,1554.2083,51.9583,84.6776,0.0103,247.1127,0.0,50.195
crossover,pedestrian_rate,50,,,1600,0.5,Signal,24,16.4659,39.2026,1599.8333,0.0,17.6152,0.0302,0.0,0.0,21.5939
crossover,pedestrian_rate,50,,,1700,0.5,AWSC,24,185.9971,296.2244,1554.1667,145.0,188.9116,0.0067,243.9292,0.0,49.976
crossover,pedestrian_rate,50,,,1700,0.5,Signal,24,16.4965,39.2291,1692.8333,0.0,17.5143,0.0265,0.0,0.0,23.5392
crossover,pedestrian_rate,50,,,1800,0.5,AWSC,24,326.1179,512.6828,1531.4167,268.5833,332.2531,0.0076,247.5391,0.0,50.2138
crossover,pedestrian_rate,50,,,1800,0.5,Signal,24,17.2225,39.6931,1792.8333,0.0,18.2079,0.0234,0.0,0.0,23.421
crossover,pedestrian_rate,50,,,1900,0.5,AWSC,24,442.4068,701.8514,1503.2917,391.7083,449.8942,0.0073,250.6352,0.0,52.012
crossover,pedestrian_rate,50,,,1900,0.5,Signal,24,17.6331,39.9985,1886.5,0.2083,18.8751,0.0282,0.0,0.0,22.7986
crossover,pedestrian_rate,50,,,2000,0.5,AWSC,24,540.8483,873.0509,1486.8333,508.3333,552.7693,0.0083,246.1353,0.0,51.5234
crossover,pedestrian_rate,50,,,2000,0.5,Signal,24,18.3023,40.4059,1987.125,0.0,19.4588,0.0272,0.0,0.0,23.0851
crossover,pedestrian_rate,100,,,900,0.5,AWSC,24,6.4496,14.2459,886.6667,1.625,6.768,0.0195,157.9953,0.0,91.5129
crossover,pedestrian_rate,100,,,900,0.5,Signal,24,13.9819,38.0794,885.2083,0.0,14.9332,0.0292,0.0,0.0,41.727
crossover,pedestrian_rate,100,,,1000,0.5,AWSC,24,7.5699,17.6003,1000.4583,2.9167,7.9116,0.0186,173.4985,0.0,93.3573
crossover,pedestrian_rate,100,,,1000,0.5,Signal,24,14.318,38.2681,999.7083,0.0,15.2768,0.0296,0.0,0.0,43.1713
crossover,pedestrian_rate,100,,,1100,0.5,AWSC,24,8.4919,19.5112,1094.875,3.2917,8.8786,0.0192,190.9158,0.0,94.6259
crossover,pedestrian_rate,100,,,1100,0.5,Signal,24,14.4952,38.3925,1093.5833,0.0,15.5408,0.0328,0.0,0.0,42.2616
crossover,pedestrian_rate,100,,,1200,0.5,AWSC,24,10.632,24.1702,1190.5417,3.6667,11.077,0.0172,200.5032,0.0,92.0472
crossover,pedestrian_rate,100,,,1200,0.5,Signal,24,15.1235,38.6725,1190.375,0.0,16.0253,0.0238,0.0,0.0,43.04
crossover,pedestrian_rate,100,,,1300,0.5,AWSC,24,15.0024,34.795,1295.75,6.1667,15.4881,0.0141,216.6811,0.0,94.0405
crossover,pedestrian_rate,100,,,1300,0.5,Signal,24,15.4458,38.7032,1296.4167,0.0,16.5245,0.0273,0.0,0.0,45.2989
crossover,pedestrian_rate,100,,,1400,0.5,AWSC,24,24.7517,59.1537,1382.5,7.5417,25.7019,0.0164,232.9158,0.0,92.2563
crossover,pedestrian_rate,100,,,1400,0.5,Signal,24,15.7871,39.0367,1384.6667,0.0,16.7316,0.0238,0.0,0.0,42.2372
crossover,pedestrian_rate,100,,,1500,0.5,AWSC,24,63.4805,115.4407,1460.5,31.9583,65.1628,0.0116,243.4001,0.0,91.5449
crossover,pedestrian_rate,100,,,1500,0.5,Signal,24,16.2286,39.1086,1487.0833,0.0,17.2403,0.0259,0.0,0.0,43.9662
crossover,pedestrian_rate,100,,,1600,0.5,AWSC,24,207.5372,332.6132,1457.5,148.6667,211.9714,0.0086,249.5046,0.0,96.4116
crossover,pedestrian_rate,100,,,1600,0.5,Signal,24,16.7745,39.4625,1599.4167,0.0,18.0109,0.0317,0.0,0.0,41.9714
crossover,pedestrian_rate,100,,,1700,0.5,AWSC,24,322.4777,508.5518,1445.7917,253.375,328.0195,0.0072,247.0283,0.0,93.7587
crossover,pedestrian_rate,100,,,1700,0.5,Signal,24,16.8445,39.4669,1692.375,0.0,17.9866,0.0284,0.0,0.0,43.1188
crossover,pedestrian_rate,100,,,1800,0.5,AWSC,24,465.2531,738.3723,1414.625,385.375,473.8464,0.0074,246.5494,0.0,94.7261
crossover,pedestrian_rate,100,,,1800,0.5,Signal,24,17.7136,40.0691,1792.5,0.0833,18.7233,0.0249,0.0,0.0,45.0563
crossover,pedestrian_rate,100,,,1900,0.5,AWSC,24,571.2193,914.8937,1389.9167,505.0833,580.8878,0.0074,248.4476,0.0,94.6542
crossover,pedestrian_rate,100,,,1900,0.5,Signal,24,18.2335,40.581,1886.2083,0.2083,19.8313,0.0335,0.0,0.0,43.5083
crossover,pedestrian_rate,100,,,2000,0.5,AWSC,24,662.002,1072.2692,1372.0,623.1667,676.8307,0.0086,246.6634,0.0,95.3299
crossover,pedestrian_rate,100,,,2000,0.5,Signal,24,19.0485,41.3157,1986.2917,0.125,20.3917,0.0297,0.0,0.0,43.7972
crossover,pedestrian_rate,200,,,900,0.5,AWSC,24,7.834,18.9626,886.4167,1.875,8.2779,0.0219,166.2464,0.0,169.6549
crossover,pedestrian_rate,200,,,900,0.5,Signal,24,14.1403,38.1693,885.2083,0.0,15.0843,0.0291,0.0,0.0,75.4083
crossover,pedestrian_rate,200,,,1000,0.5,AWSC,24,9.4328,22.9514,999.6667,3.7083,9.9172,0.0208,186.9924,0.0,167.196
crossover,pedestrian_rate,200,,,1000,0.5,Signal,24,14.5227,38.3945,999.625,0.0,15.4873,0.0294,0.0,0.0,77.7259
crossover,pedestrian_rate,200,,,1100,0.5,AWSC,24,11.7518,28.6542,1094.4167,3.75,12.292,0.0207,202.9206,0.0,168.8615
crossover,pedestrian_rate,200,,,1100,0.5,Signal,24,14.7286,38.5326,1093.375,0.0833,15.8238,0.0333,0.0,0.0,78.3482
crossover,pedestrian_rate,200,,,1200,0.5,AWSC,24,17.4542,41.5017,1189.0,5.2083,18.1211,0.0168,218.8645,0.0,166.2172
crossover,pedestrian_rate,200,,,1200,0.5,Signal,24,15.4482,38.8493,1190.3333,0.0,16.4194,0.025,0.0,0.0,80.1652
crossover,pedestrian_rate,200,,,1300,0.5,AWSC,24,35.4326,76.7767,1288.7917,13.125,36.5149,0.0129,237.8749,0.0,167.3226
crossover,pedestrian_rate,200,,,1300,0.5,Signal,24,15.8309,39.0517,1296.0,0.0,16.982,0.0276,0.0,0.0,81.3361
crossover,pedestrian_rate,200,,,1400,0.5,AWSC,24,95.1876,173.3631,1336.25,53.7917,97.8984,0.0123,244.7359,0.0,164.9304
crossover,pedestrian_rate,200,,,1400,0.5,Signal,24,16.1758,39.3091,1384.625,0.0,17.174,0.0238,0.0,0.0,76.1883
crossover,pedestrian_rate,200,,,1500,0.5,AWSC,24,251.7922,409.8521,1320.9583,171.5,257.4384,0.0102,245.393,0.0,170.4544
crossover,pedestrian_rate,200,,,1500,0.5,Signal,24,16.7556,39.5405,1486.8333,0.0,17.8866,0.0273,0.0,0.0,77.7808
crossover,pedestrian_rate,200,,,1600,0.5,AWSC,24,414.3869,669.4788,1297.5833,308.5833,423.0834,0.0085,252.0933,0.0,169.267
crossover,pedestrian_rate,200,,,1600,0.5,Signal,24,17.3944,39.9678,1599.0833,0.0,18.8555,0.034,0.0,0.0,77.0491
crossover,pedestrian_rate,200,,,1700,0.5,AWSC,24,525.0899,838.4088,1282.9583,416.2083,535.2619,0.0076,244.7676,0.0,166.2635
crossover,pedestrian_rate,200,,,1700,0.5,Signal,24,17.6249,40.1254,1692.0417,0.0,19.1029,0.0342,0.0,0.0,77.5024
crossover,pedestrian_rate,200,,,1800,0.5,AWSC,24,654.5108,1059.409,1250.8333,549.1667,667.1843,0.008,248.6665,0.0,169.0118
crossover,pedestrian_rate,200,,,1800,0.5,Signal,24,18.569,40.9473,1791.8333,0.1667,19.8755,0.0306,0.0,0.0,79.2776
crossover,pedestrian_rate,200,,,1900,0.5,AWSC,24,765.4774,1237.756,1215.0417,679.9583,778.0262,0.0073,247.3222,0.0,171.6063
crossover,pedestrian_rate,200,,,1900,0.5,Signal,24,19.4957,42.6998,1885.2917,0.2917,21.811,0.0432,0.0,0.0,78.9918
crossover,pedestrian_rate,200,,,2000,0.5,AWSC,24,831.3498,1357.1019,1206.5,788.6667,850.3038,0.0087,245.9436,0.0,168.0485
crossover,pedestrian_rate,200,,,2000,0.5,Signal,24,20.6268,45.642,1985.2917,0.375,22.6934,0.0404,0.0,0.0,78.7325
crossover,pedestrian_rate,400,,,900,0.5,AWSC,24,10.1198,24.8216,885.4167,2.875,10.7191,0.023,189.361,0.0,273.1046
crossover,pedestrian_rate,400,,,900,0.5,Signal,24,14.4074,38.2782,885.125,0.0,15.4486,0.0305,0.0,0.0,126.9047
crossover,pedestrian_rate,400,,,1000,0.5,AWSC,24,15.2907,41.3613,997.75,5.625,16.0747,0.0199,208.1181,0.0,275.8643
crossover,pedestrian_rate,400,,,1000,0.5,Signal,24,14.8329,38.5881,999.5,0.0,15.8586,0.03,0.0,0.0,128.5076
crossover,pedestrian_rate,400,,,1100,0.5,AWSC,24,25.9322,63.4695,1088.0417,10.125,27.1016,0.0185,228.027,0.0,278.4674
crossover,pedestrian_rate,400,,,1100,0.5,Signal,24,15.1441,38.8512,1093.2917,0.125,16.4587,0.0353,0.0,0.0,128.9302
crossover,pedestrian_rate,400,,,1200,0.5,AWSC,24,67.7658,123.4123,1165.7917,28.4167,69.9731,0.0142,240.8069,0.0,272.9648
crossover,pedestrian_rate,400,,,1200,0.5,Signal,24,15.9401,39.2311,1190.2083,0.0,17.0654,0.0267,0.0,0.0,131.0529
crossover,pedestrian_rate,400,,,1300,0.5,AWSC,24,230.881,363.105,1171.625,130.2917,236.8098,0.0106,245.7154,0.0,275.0205
crossover,pedestrian_rate,400,,,1300,0.5,Signal,24,16.4451,39.5388,1295.375,0.0,17.8518,0.0316,0.0,0.0,131.9231
crossover,pedestrian_rate,400,,,1400,0.5,AWSC,24,361.3081,574.9189,1158.2083,231.8333,369.0277,0.0092,246.5226,0.0,273.0316
crossover,pedestrian_rate,400,,,1400,0.5,Signal,24,16.8891,39.8599,1384.4167,0.0417,18.0212,0.025,0.0,0.0,125.9011
crossover,pedestrian_rate,400,,,1500,0.5,AWSC,24,514.8704,843.1623,1133.0,359.4583,527.2274,0.0101,244.3368,0.0,276.3354
crossover,pedestrian_rate,400,,,1500,0.5,Signal,24,17.6665,40.4239,1486.2083,0.0833,19.1691,0.0338,0.0,0.0,128.1485
crossover,pedestrian_rate,400,,,1600,0.5,AWSC,24,671.3282,1091.6338,1098.8333,507.3333,686.0138,0.0088,249.7364,0.0,278.4039
crossover,pedestrian_rate,400,,,1600,0.5,Signal,24,18.599,41.399,1597.625,0.2083,20.512,0.0409,0.0,0.0,129.2084
crossover,pedestrian_rate,400,,,1700,0.5,AWSC,24,753.3179,1224.3287,1094.4167,604.75,769.5086,0.0085,247.2975,0.0,269.2938
crossover,pedestrian_rate,400,,,1700,0.5,Signal,24,18.9403,42.4269,1691.5833,0.0,20.9601,0.0412,0.0,0.0,128.5302
crossover,pedestrian_rate,400,,,1800,0.5,AWSC,24,881.6901,1449.1129,1049.3333,750.6667,901.3412,0.0089,248.4432,0.0,278.8377
crossover,pedestrian_rate,400,,,1800,0.5,Signal,24,20.2189,44.2643,1790.75,0.375,22.0644,0.0386,0.0,0.0,129.5084
crossover,pedestrian_rate,400,,,1900,0.5,AWSC,24,973.8946,1593.1704,1018.6667,876.3333,990.9494,0.0078,249.4137,0.0,280.6398
crossover,pedestrian_rate,400,,,1900,0.5,Signal,24,21.9023,49.8583,1884.2083,0.4167,25.0294,0.0565,0.0,0.0,130.4938
crossover,pedestrian_rate,400,,,2000,0.5,AWSC,24,1035.0704,1699.2177,1008.375,986.7917,1057.81,0.0089,246.9418,0.0,276.4181
crossover,pedestrian_rate,400,,,2000,0.5,Signal,24,23.8127,55.9382,1983.0417,0.6667,27.1385,0.0574,0.0,0.0,128.7646
crossover,stop_compliance,0.6,,,900,0.5,AWSC,24,5.0073,9.6063,908.5,1.375,5.1962,0.0154,281.1378,0.0,0.0
crossover,stop_compliance,0.6,,,900,0.5,Signal,24,13.8438,38.1087,906.3333,0.0,14.8477,0.0324,0.0,0.0,0.0
crossover,stop_compliance,0.6,,,1000,0.5,AWSC,24,5.2844,10.2479,1001.375,1.375,5.4661,0.0133,298.1345,0.0,0.0
crossover,stop_compliance,0.6,,,1000,0.5,Signal,24,14.0189,38.3224,999.5833,0.0,15.1091,0.0325,0.0,0.0,0.0
crossover,stop_compliance,0.6,,,1100,0.5,AWSC,24,5.6356,11.1281,1100.4583,1.6667,5.8167,0.0128,326.856,0.0,0.0
crossover,stop_compliance,0.6,,,1100,0.5,Signal,24,14.4813,38.3014,1098.75,0.0,15.7348,0.0342,0.0,0.0,0.0
crossover,stop_compliance,0.6,,,1200,0.5,AWSC,24,6.1104,12.3945,1190.9167,2.0833,6.3513,0.0154,350.5849,0.0,0.0
crossover,stop_compliance,0.6,,,1200,0.5,Signal,24,14.7403,38.3307,1188.6667,0.0,15.6744,0.0278,0.0,0.0,0.0
crossover,stop_compliance,0.6,,,1300,0.5,AWSC,24,6.9153,14.3365,1305.1667,2.75,7.1714,0.0159,368.1372,0.0,0.0
crossover,stop_compliance,0.6,,,1300,0.5,Signal,24,14.8946,38.4929,1303.3333,0.0,15.8593,0.0268,0.0,0.0,0.0
crossover,stop_compliance,0.6,,,1400,0.5,AWSC,24,7.6799,16.2174,1396.0,3.0,7.9673,0.0158,392.9488,0.0,0.0
crossover,stop_compliance,0.6,,,1400,0.5,Signal,24,15.4209,38.7075,1394.875,0.0,16.5871,0.0293,0.0,0.0,0.0
crossover,stop_compliance,0.6,,,1500,0.5,AWSC,24,9.0763,20.4375,1500.7083,4.0833,9.3589,0.0124,421.7156,0.0,0.0
crossover,stop_compliance,0.6,,,1500,0.5,Signal,24,15.5973,38.7859,1499.2917,0.0,16.4599,0.0221,0.0,0.0,0.0
crossover,stop_compliance,0.6,,,1600,0.5,AWSC,24,10.5761,23.0083,1581.4583,3.9583,10.8525,0.0113,438.5277,0.0,0.0
crossover,stop_compliance,0.6,,,1600,0.5,Signal,24,15.9335,38.991,1580.0417,0.0,16.7302,0.0225,0.0,0.0,0.0
crossover,stop_compliance,0.6,,,1700,0.5,AWSC,24,14.9954,34.6009,1680.6667,8.2917,15.4501,0.0126,457.344,0.0,0.0
crossover,stop_compliance,0.6,,,1700,0.5,Signal,24,16.3638,39.1404,1682.0,0.0,17.5475,0.0291,0.0,0.0,0.0
crossover,stop_compliance,0.6,,,1800,0.5,AWSC,24,23.2256,52.3826,1789.2917,10.4583,23.8925,0.0116,480.885,0.0,0.0
crossover,stop_compliance,0.6,,,1800,0.5,Signal,24,16.7811,39.2969,1791.9167,0.0,17.8208,0.0269,0.0,0.0,0.0
crossover,stop_compliance,0.6,,,1900,0.5,AWSC,24,60.9584,106.7627,1861.375,37.875,62.052,0.0089,491.8127,0.0,0.0
crossover,stop_compliance,0.6,,,1900,0.5,Signal,24,17.3481,39.6148,1891.9583,0.0,18.3417,0.0246,0.0,0.0,0.0
crossover,stop_compliance,0.6,,,2000,0.5,AWSC,24,163.2468,253.0827,1860.875,136.5833,166.2136,0.0073,492.6715,0.0,0.0
crossover,stop_compliance,0.6,,,2000,0.5,Signal,24,17.799,39.9395,1989.5,0.0,19.03,0.0269,0.0,0.0,0.0
crossover,stop_compliance,0.7,,,900,0.5,AWSC,24,5.2358,10.1552,908.4583,1.4167,5.4172,0.0147,212.4415,0.0,0.0
crossover,stop_compliance,0.7,,,900,0.5,Signal,24,13.8438,38.1087,906.3333,0.0,14.8477,0.0324,0.0,0.0,0.0
crossover,stop_compliance,0.7,,,1000,0.5,AWSC,24,5.5585,10.9631,1001.2917,1.4583,5.7799,0.0144,227.6317,0.0,0.0
crossover,stop_compliance,0.7,,,1000,0.5,Signal,24,14.0189,38.3224,999.5833,0.0,15.1091,0.0325,0.0,0.0,0.0
crossover,stop_compliance,0.7,,,1100,0.5,AWSC,24,5.969,11.9599,1100.4167,1.7083,6.1642,0.0133,253.3455,0.0,0.0
crossover,stop_compliance,0.7,,,1100,0.5,Signal,24,14.4813,38.3014,1098.75,0.0,15.7348,0.0342,0.0,0.0,0.0
crossover,stop_compliance,0.7,,,1200,0.5,AWSC,24,6.62,13.6045,1190.6667,2.3333,6.8634,0.0146,263.4893,0.0,0.0
crossover,stop_compliance,0.7,,,1200,0.5,Signal,24,14.7403,38.3307,1188.6667,0.0,15.6744,0.0278,0.0,0.0,0.0
crossover,stop_compliance,0.7,,,1300,0.5,AWSC,24,7.6095,16.4359,1304.9583,2.9583,7.9072,0.0163,289.2946,0.0,0.0
crossover,stop_compliance,0.7,,,1300,0.5,Signal,24,14.8946,38.4929,1303.3333,0.0,15.8593,0.0268,0.0,0.0,0.0
crossover,stop_compliance,0.7,,,1400,0.5,AWSC,24,8.8296,19.1837,1395.625,3.375,9.1721,0.0169,308.2996,0.0,0.0
crossover,stop_compliance,0.7,,,1400,0.5,Signal,24,15.4209,38.7075,1394.875,0.0,16.5871,0.0293,0.0,0.0,0.0
crossover,stop_compliance,0.7,,,1500,0.5,AWSC,24,10.9317,25.7682,1500.125,4.6667,11.3076,0.0136,324.36,0.0,0.0
crossover,stop_compliance,0.7,,,1500,0.5,Signal,24,15.5973,38.7859,1499.2917,0.0,16.4599,0.0221,0.0,0.0,0.0
crossover,stop_compliance,0.7,,,1600,0.5,AWSC,24,13.92,31.3476,1580.5833,4.8333,14.261,0.011,338.5956,0.0,0.0
crossover,stop_compliance,0.7,,,1600,0.5,Signal,24,15.9335,38.991,1580.0417,0.0,16.7302,0.0225,0.0,0.0,0.0
crossover,stop_compliance,0.7,,,1700,0.5,AWSC,24,25.9685,56.7468,1673.2917,15.6667,26.9133,0.015,356.4512,0.0,0.0
crossover,stop_compliance,0.7,,,1700,0.5,Signal,24,16.3638,39.1404,1682.0,0.0,17.5475,0.0291,0.0,0.0,0.0
crossover,stop_compliance,0.7,,,1800,0.5,AWSC,24,64.8812,108.0113,1761.125,38.625,66.1868,0.01,370.069,0.0,0.0
crossover,stop_compliance,0.7,,,1800,0.5,Signal,24,16.7811,39.2969,1791.9167,0.0,17.8208,0.0269,0.0,0.0,0.0
crossover,stop_compliance,0.7,,,1900,0.5,AWSC,24,160.9367,250.1454,1768.1667,131.0833,163.7985,0.0073,372.2464,0.0,0.0
crossover,stop_compliance,0.7,,,1900,0.5,Signal,24,17.3481,39.6148,1891.9583,0.0,18.3417,0.0246,0.0,0.0,0.0
crossover,stop_compliance,0.7,,,2000,0.5,AWSC,24,271.3527,429.6947,1754.375,243.0833,276.3154,0.0074,375.3513,0.0,0.0
crossover,stop_compliance,0.7,,,2000,0.5,Signal,24,17.799,39.9395,1989.5,0.0,19.03,0.0269,0.0,0.0,0.0
crossover,stop_compliance,0.8,,,900,0.5,AWSC,24,5.4571,10.7109,908.3333,1.5417,5.6817,0.0161,144.9221,0.0,0.0
crossover,stop_compliance,0.8,,,900,0.5,Signal,24,13.8438,38.1087,906.3333,0.0,14.8477,0.0324,0.0,0.0,0.0
crossover,stop_compliance,0.8,,,1000,0.5,AWSC,24,5.8651,11.733,1001.4583,1.2917,6.0864,0.014,158.2667,0.0,0.0
crossover,stop_compliance,0.8,,,1000,0.5,Signal,24,14.0189,38.3224,999.5833,0.0,15.1091,0.0325,0.0,0.0,0.0
crossover,stop_compliance,0.8,,,1100,0.5,AWSC,24,6.4118,13.236,1100.4167,1.7083,6.6073,0.0135,172.0777,0.0,0.0
crossover,stop_compliance,0.8,,,1100,0.5,Signal,24,14.4813,38.3014,1098.75,0.0,15.7348,0.0342,0.0,0.0,0.0
crossover,stop_compliance,0.8,,,1200,0.5,AWSC,24,7.1162,14.9755,1190.4167,2.5833,7.3749,0.0145,184.6522,0.0,0.0
crossover,stop_compliance,0.8,,,1200,0.5,Signal,24,14.7403,38.3307,1188.6667,0.0,15.6744,0.0278,0.0,0.0,0.0
crossover,stop_compliance,0.8,,,1300,0.5,AWSC,24,8.45,18.3103,1304.7917,3.125,8.7765,0.0166,197.1841,0.0,0.0
crossover,stop_compliance,0.8,,,1300,0.5,Signal,24,14.8946,38.4929,1303.3333,0.0,15.8593,0.0268,0.0,0.0,0.0
crossover,stop_compliance,0.8,,,1400,0.5,AWSC,24,10.2388,23.0634,1395.125,3.875,10.6024,0.0158,211.6646,0.0,0.0
crossover,stop_compliance,0.8,,,1400,0.5,Signal,24,15.4209,38.7075,1394.875,0.0,16.5871,0.0293,0.0,0.0,0.0
crossover,stop_compliance,0.8,,,1500,0.5,AWSC,24,13.9215,33.2977,1498.875,5.9167,14.4127,0.0134,223.6932,0.0,0.0
crossover,stop_compliance,0.8,,,1500,0.5,Signal,24,15.5973,38.7859,1499.2917,0.0,16.4599,0.0221,0.0,0.0,0.0
crossover,stop_compliance,0.8,,,1600,0.5,AWSC,24,20.3766,43.2724,1575.75,9.6667,20.8565,0.0108,232.5662,0.0,0.0
crossover,stop_compliance,0.8,,,1600,0.5,Signal,24,15.9335,38.991,1580.0417,0.0,16.7302,0.0225,0.0,0.0,0.0
crossover,stop_compliance,0.8,,,1700,0.5,AWSC,24,52.2149,97.4602,1653.0833,35.875,53.6292,0.0115,241.8293,0.0,0.0
crossover,stop_compliance,0.8,,,1700,0.5,Signal,24,16.3638,39.1404,1682.0,0.0,17.5475,0.0291,0.0,0.0,0.0
crossover,stop_compliance,0.8,,,1800,0.5,AWSC,24,159.0068,238.1955,1681.5833,118.1667,161.2023,0.0068,250.5301,0.0,0.0
crossover,stop_compliance,0.8,,,1800,0.5,Signal,24,16.7811,39.2969,1791.9167,0.0,17.8208,0.0269,0.0,0.0,0.0
crossover,stop_compliance,0.8,,,1900,0.5,AWSC,24,271.1855,432.5687,1667.2083,232.0417,276.5247,0.0077,248.8124,0.0,0.0
crossover,stop_compliance,0.8,,,1900,0.5,Signal,24,17.3481,39.6148,1891.9583,0.0,18.3417,0.0246,0.0,0.0,0.0
crossover,stop_compliance,0.8,,,2000,0.5,AWSC,24,381.5533,611.0862,1648.0,349.4583,388.5212,0.0075,249.4383,0.0,0.0
crossover,stop_compliance,0.8,,,2000,0.5,Signal,24,17.799,39.9395,1989.5,0.0,19.03,0.0269,0.0,0.0,0.0
crossover,stop_compliance,0.9,,,900,0.5,AWSC,24,5.7085,11.4012,908.25,1.625,5.9426,0.016,72.6949,0.0,0.0
crossover,stop_compliance,0.9,,,900,0.5,Signal,24,13.8438,38.1087,906.3333,0.0,14.8477,0.0324,0.0,0.0,0.0
crossover,stop_compliance,0.9,,,1000,0.5,AWSC,24,6.196,12.5707,1001.2083,1.5417,6.4456,0.0148,81.3908,0.0,0.0
crossover,stop_compliance,0.9,,,1000,0.5,Signal,24,14.0189,38.3224,999.5833,0.0,15.1091,0.0325,0.0,0.0,0.0
crossover,stop_compliance,0.9,,,1100,0.5,AWSC,24,6.9338,14.477,1100.3333,1.7917,7.1499,0.013,88.9473,0.0,0.0
crossover,stop_compliance,0.9,,,1100,0.5,Signal,24,14.4813,38.3014,1098.75,0.0,15.7348,0.0342,0.0,0.0,0.0
crossover,stop_compliance,0.9,,,1200,0.5,AWSC,24,7.8187,16.6093,1190.2083,2.7917,8.0993,0.014,93.6194,0.0,0.0
crossover,stop_compliance,0.9,,,1200,0.5,Signal,24,14.7403,38.3307,1188.6667,0.0,15.6744,0.0278,0.0,0.0,0.0
crossover,stop_compliance,0.9,,,1300,0.5,AWSC,24,9.512,21.0459,1304.2083,3.7083,9.8835,0.0166,101.8541,0.0,0.0
crossover,stop_compliance,0.9,,,1300,0.5,Signal,24,14.8946,38.4929,1303.3333,0.0,15.8593,0.0268,0.0,0.0,0.0
crossover,stop_compliance,0.9,,,1400,0.5,AWSC,24,12.401,28.4146,1394.0833,4.9167,12.9034,0.0164,110.8253,0.0,0.0
crossover,stop_compliance,0.9,,,1400,0.5,Signal,24,15.4209,38.7075,1394.875,0.0,16.5871,0.0293,0.0,0.0,0.0
crossover,stop_compliance,0.9,,,1500,0.5,AWSC,24,19.283,44.8059,1495.875,8.9167,19.9058,0.0129,115.1025,0.0,0.0
crossover,stop_compliance,0.9,,,1500,0.5,Signal,24,15.5973,38.7859,1499.2917,0.0,16.4599,0.0221,0.0,0.0,0.0
crossover,stop_compliance,0.9,,,1600,0.5,AWSC,24,38.9715,77.1195,1563.1667,22.25,39.9861,0.0116,119.9601,0.0,0.0
crossover,stop_compliance,0.9,,,1600,0.5,Signal,24,15.9335,38.991,1580.0417,0.0,16.7302,0.0225,0.0,0.0,0.0
crossover,stop_compliance,0.9,,,1700,0.5,AWSC,24,113.4081,186.9528,1602.7917,86.1667,115.8425,0.0101,122.1642,0.0,0.0
crossover,stop_compliance,0.9,,,1700,0.5,Signal,24,16.3638,39.1404,1682.0,0.0,17.5475,0.0291,0.0,0.0,0.0
crossover,stop_compliance,0.9,,,1800,0.5,AWSC,24,273.2255,420.3293,1582.2083,217.5417,277.3852,0.0072,123.956,0.0,0.0
crossover,stop_compliance,0.9,,,1800,0.5,Signal,24,16.7811,39.2969,1791.9167,0.0,17.8208,0.0269,0.0,0.0,0.0
crossover,stop_compliance,0.9,,,1900,0.5,AWSC,24,379.7743,612.4447,1569.1667,330.0833,387.3562,0.0078,121.9234,0.0,0.0
crossover,stop_compliance,0.9,,,1900,0.5,Signal,24,17.3481,39.6148,1891.9583,0.0,18.3417,0.0246,0.0,0.0,0.0
crossover,stop_compliance,0.9,,,2000,0.5,AWSC,24,481.9879,782.3213,1551.0,446.4583,490.7499,0.0078,125.614,0.0,0.0
crossover,stop_compliance,0.9,,,2000,0.5,Signal,24,17.799,39.9395,1989.5,0.0,19.03,0.0269,0.0,0.0,0.0
crossover,stop_compliance,1.0,,,900,0.5,AWSC,24,6.0093,12.1901,908.0417,1.8333,6.2406,0.0156,0.0,0.0,0.0
crossover,stop_compliance,1.0,,,900,0.5,Signal,24,13.8438,38.1087,906.3333,0.0,14.8477,0.0324,0.0,0.0,0.0
crossover,stop_compliance,1.0,,,1000,0.5,AWSC,24,6.6202,13.7299,1001.0833,1.6667,6.8706,0.0154,0.0,0.0,0.0
crossover,stop_compliance,1.0,,,1000,0.5,Signal,24,14.0189,38.3224,999.5833,0.0,15.1091,0.0325,0.0,0.0,0.0
crossover,stop_compliance,1.0,,,1100,0.5,AWSC,24,7.4785,15.9177,1100.25,1.875,7.7162,0.0132,0.0,0.0,0.0
crossover,stop_compliance,1.0,,,1100,0.5,Signal,24,14.4813,38.3014,1098.75,0.0,15.7348,0.0342,0.0,0.0,0.0
crossover,stop_compliance,1.0,,,1200,0.5,AWSC,24,8.6778,18.9773,1189.875,3.125,8.997,0.0145,0.0,0.0,0.0
crossover,stop_compliance,1.0,,,1200,0.5,Signal,24,14.7403,38.3307,1188.6667,0.0,15.6744,0.0278,0.0,0.0,0.0
crossover,stop_compliance,1.0,,,1300,0.5,AWSC,24,11.1017,24.6326,1303.875,4.0417,11.5128,0.0153,0.0,0.0,0.0
crossover,stop_compliance,1.0,,,1300,0.5,Signal,24,14.8946,38.4929,1303.3333,0.0,15.8593,0.0268,0.0,0.0,0.0
crossover,stop_compliance,1.0,,,1400,0.5,AWSC,24,15.856,36.1077,1392.375,6.625,16.5367,0.017,0.0,0.0,0.0
crossover,stop_compliance,1.0,,,1400,0.5,Signal,24,15.4209,38.7075,1394.875,0.0,16.5871,0.0293,0.0,0.0,0.0
crossover,stop_compliance,1.0,,,1500,0.5,AWSC,24,32.0485,67.9089,1488.7917,16.0,33.0321,0.0131,0.0,0.0,0.0
crossover,stop_compliance,1.0,,,1500,0.5,Signal,24,15.5973,38.7859,1499.2917,0.0,16.4599,0.0221,0.0,0.0,0.0
crossover,stop_compliance,1.0,,,1600,0.5,AWSC,24,84.4597,147.2463,1529.625,55.7917,86.619,0.0114,0.0,0.0,0.0
crossover,stop_compliance,1.0,,,1600,0.5,Signal,24,15.9335,38.991,1580.0417,0.0,16.7302,0.0225,0.0,0.0,0.0
crossover,stop_compliance,1.0,,,1700,0.5,AWSC,24,206.9453,332.1759,1525.8333,163.125,211.3983,0.0094,0.0,0.0,0.0
crossover,stop_compliance,1.0,,,1700,0.5,Signal,24,16.3638,39.1404,1682.0,0.0,17.5475,0.0291,0.0,0.0,0.0
crossover,stop_compliance,1.0,,,1800,0.5,AWSC,24,376.3737,590.5179,1494.0417,305.7083,383.4531,0.0084,0.0,0.0,0.0
crossover,stop_compliance,1.0,,,1800,0.5,Signal,24,16.7811,39.2969,1791.9167,0.0,17.8208,0.0269,0.0,0.0,0.0
crossover,stop_compliance,1.0,,,1900,0.5,AWSC,24,475.5386,767.6592,1483.9167,415.3333,484.7571,0.0077,0.0,0.0,0.0
crossover,stop_compliance,1.0,,,1900,0.5,Signal,24,17.3481,39.6148,1891.9583,0.0,18.3417,0.0246,0.0,0.0,0.0
crossover,stop_compliance,1.0,,,2000,0.5,AWSC,24,576.2066,937.7278,1461.75,535.7083,586.1081,0.0078,0.0,0.0,0.0
crossover,stop_compliance,1.0,,,2000,0.5,Signal,24,17.799,39.9395,1989.5,0.0,19.03,0.0269,0.0,0.0,0.0
ambiguity_hesitation,ambiguity_window,0.0,hesitation_mean,0.0,1500,0.5,AWSC,32,12.7682,28.4479,1485.6875,6.5,13.1735,0.0122,225.3696,0.0,0.0
ambiguity_hesitation,ambiguity_window,0.0,hesitation_mean,0.0,1500,0.5,Signal,32,15.5602,38.8535,1486.7188,0.0,16.4476,0.0242,0.0,0.0,0.0
ambiguity_hesitation,ambiguity_window,0.0,hesitation_mean,0.5,1500,0.5,AWSC,32,12.7682,28.4479,1485.6875,6.5,13.1735,0.0122,225.3696,0.0,0.0
ambiguity_hesitation,ambiguity_window,0.0,hesitation_mean,0.5,1500,0.5,Signal,32,15.5602,38.8535,1486.7188,0.0,16.4476,0.0242,0.0,0.0,0.0
ambiguity_hesitation,ambiguity_window,0.0,hesitation_mean,1.0,1500,0.5,AWSC,32,12.7682,28.4479,1485.6875,6.5,13.1735,0.0122,225.3696,0.0,0.0
ambiguity_hesitation,ambiguity_window,0.0,hesitation_mean,1.0,1500,0.5,Signal,32,15.5602,38.8535,1486.7188,0.0,16.4476,0.0242,0.0,0.0,0.0
ambiguity_hesitation,ambiguity_window,0.0,hesitation_mean,2.0,1500,0.5,AWSC,32,12.7682,28.4479,1485.6875,6.5,13.1735,0.0122,225.3696,0.0,0.0
ambiguity_hesitation,ambiguity_window,0.0,hesitation_mean,2.0,1500,0.5,Signal,32,15.5602,38.8535,1486.7188,0.0,16.4476,0.0242,0.0,0.0,0.0
ambiguity_hesitation,ambiguity_window,0.0,hesitation_mean,3.0,1500,0.5,AWSC,32,12.7682,28.4479,1485.6875,6.5,13.1735,0.0122,225.3696,0.0,0.0
ambiguity_hesitation,ambiguity_window,0.0,hesitation_mean,3.0,1500,0.5,Signal,32,15.5602,38.8535,1486.7188,0.0,16.4476,0.0242,0.0,0.0,0.0
ambiguity_hesitation,ambiguity_window,0.5,hesitation_mean,0.0,1500,0.5,AWSC,32,12.7682,28.4479,1485.6875,6.5,13.1735,0.0122,225.3696,175.4928,0.0
ambiguity_hesitation,ambiguity_window,0.5,hesitation_mean,0.0,1500,0.5,Signal,32,15.5602,38.8535,1486.7188,0.0,16.4476,0.0242,0.0,0.0,0.0
ambiguity_hesitation,ambiguity_window,0.5,hesitation_mean,0.5,1500,0.5,AWSC,32,16.8132,40.4129,1484.75,7.4375,17.3495,0.0128,228.0552,176.3759,0.0
ambiguity_hesitation,ambiguity_window,0.5,hesitation_mean,0.5,1500,0.5,Signal,32,15.5602,38.8535,1486.7188,0.0,16.4476,0.0242,0.0,0.0,0.0
ambiguity_hesitation,ambiguity_window,0.5,hesitation_mean,1.0,1500,0.5,AWSC,32,23.3289,53.1289,1480.6562,11.5312,24.0176,0.0121,234.0421,177.8163,0.0
ambiguity_hesitation,ambiguity_window,0.5,hesitation_mean,1.0,1500,0.5,Signal,32,15.5602,38.8535,1486.7188,0.0,16.4476,0.0242,0.0,0.0,0.0
ambiguity_hesitation,ambiguity_window,0.5,hesitation_mean,2.0,1500,0.5,AWSC,32,58.707,111.7061,1459.1562,33.0312,60.1413,0.0109,242.4019,179.5042,0.0
ambiguity_hesitation,ambiguity_window,0.5,hesitation_mean,2.0,1500,0.5,Signal,32,15.5602,38.8535,1486.7188,0.0,16.4476,0.0242,0.0,0.0,0.0
ambiguity_hesitation,ambiguity_window,0.5,hesitation_mean,3.0,1500,0.5,AWSC,32,149.5476,247.3737,1390.0312,102.1562,152.3549,0.0089,252.1883,181.2028,0.0
ambiguity_hesitation,ambiguity_window,0.5,hesitation_mean,3.0,1500,0.5,Signal,32,15.5602,38.8535,1486.7188,0.0,16.4476,0.0242,0.0,0.0,0.0
ambiguity_hesitation,ambiguity_window,1.0,hesitation_mean,0.0,1500,0.5,AWSC,32,12.7682,28.4479,1485.6875,6.5,13.1735,0.0122,225.3696,324.6986,0.0
ambiguity_hesitation,ambiguity_window,1.0,hesitation_mean,0.0,1500,0.5,Signal,32,15.5602,38.8535,1486.7188,0.0,16.4476,0.0242,0.0,0.0,0.0
ambiguity_hesitation,ambiguity_window,1.0,hesitation_mean,0.5,1500,0.5,AWSC,32,21.5086,49.4813,1480.8125,11.375,22.1472,0.0127,234.0616,329.0042,0.0
ambiguity_hesitation,ambiguity_window,1.0,hesitation_mean,0.5,1500,0.5,Signal,32,15.5602,38.8535,1486.7188,0.0,16.4476,0.0242,0.0,0.0,0.0
ambiguity_hesitation,ambiguity_window,1.0,hesitation_mean,1.0,1500,0.5,AWSC,32,48.7023,94.3975,1462.9062,29.2812,49.9186,0.012,242.2519,331.8629,0.0
ambiguity_hesitation,ambiguity_window,1.0,hesitation_mean,1.0,1500,0.5,Signal,32,15.5602,38.8535,1486.7188,0.0,16.4476,0.0242,0.0,0.0,0.0
ambiguity_hesitation,ambiguity_window,1.0,hesitation_mean,2.0,1500,0.5,AWSC,32,231.51,375.3082,1329.8125,162.375,235.8714,0.0086,252.8168,334.9189,0.0
ambiguity_hesitation,ambiguity_window,1.0,hesitation_mean,2.0,1500,0.5,Signal,32,15.5602,38.8535,1486.7188,0.0,16.4476,0.0242,0.0,0.0,0.0
ambiguity_hesitation,ambiguity_window,1.0,hesitation_mean,3.0,1500,0.5,AWSC,32,446.5637,727.809,1176.25,315.9375,455.7064,0.0087,252.6291,335.3631,0.0
ambiguity_hesitation,ambiguity_window,1.0,hesitation_mean,3.0,1500,0.5,Signal,32,15.5602,38.8535,1486.7188,0.0,16.4476,0.0242,0.0,0.0,0.0
ambiguity_hesitation,ambiguity_window,2.0,hesitation_mean,0.0,1500,0.5,AWSC,32,12.7682,28.4479,1485.6875,6.5,13.1735,0.0122,225.3696,558.9493,0.0
ambiguity_hesitation,ambiguity_window,2.0,hesitation_mean,0.0,1500,0.5,Signal,32,15.5602,38.8535,1486.7188,0.0,16.4476,0.0242,0.0,0.0,0.0
ambiguity_hesitation,ambiguity_window,2.0,hesitation_mean,0.5,1500,0.5,AWSC,32,38.1555,78.5315,1471.5,20.6875,39.1707,0.0122,239.8609,570.5998,0.0
ambiguity_hesitation,ambiguity_window,2.0,hesitation_mean,0.5,1500,0.5,Signal,32,15.5602,38.8535,1486.7188,0.0,16.4476,0.0242,0.0,0.0,0.0
ambiguity_hesitation,ambiguity_window,2.0,hesitation_mean,1.0,1500,0.5,AWSC,32,171.1087,280.5636,1374.7812,117.4062,174.4966,0.0089,247.7657,578.2228,0.0
ambiguity_hesitation,ambiguity_window,2.0,hesitation_mean,1.0,1500,0.5,Signal,32,15.5602,38.8535,1486.7188,0.0,16.4476,0.0242,0.0,0.0,0.0
ambiguity_hesitation,ambiguity_window,2.0,hesitation_mean,2.0,1500,0.5,AWSC,32,535.6465,875.8046,1112.9688,379.2188,546.9011,0.0088,251.2093,581.4399,0.0
ambiguity_hesitation,ambiguity_window,2.0,hesitation_mean,2.0,1500,0.5,Signal,32,15.5602,38.8535,1486.7188,0.0,16.4476,0.0242,0.0,0.0,0.0
ambiguity_hesitation,ambiguity_window,2.0,hesitation_mean,3.0,1500,0.5,AWSC,32,809.1066,1326.8224,917.0,575.1875,826.465,0.0089,253.8993,582.6614,0.0
ambiguity_hesitation,ambiguity_window,2.0,hesitation_mean,3.0,1500,0.5,Signal,32,15.5602,38.8535,1486.7188,0.0,16.4476,0.0242,0.0,0.0,0.0
ambiguity_hesitation,ambiguity_window,3.0,hesitation_mean,0.0,1500,0.5,AWSC,32,12.7682,28.4479,1485.6875,6.5,13.1735,0.0122,225.3696,726.8185,0.0
ambiguity_hesitation,ambiguity_window,3.0,hesitation_mean,0.0,1500,0.5,Signal,32,15.5602,38.8535,1486.7188,0.0,16.4476,0.0242,0.0,0.0,0.0
ambiguity_hesitation,ambiguity_window,3.0,hesitation_mean,0.5,1500,0.5,AWSC,32,60.8018,112.1049,1456.4375,35.75,62.2846,0.0115,243.489,749.1589,0.0
ambiguity_hesitation,ambiguity_window,3.0,hesitation_mean,0.5,1500,0.5,Signal,32,15.5602,38.8535,1486.7188,0.0,16.4476,0.0242,0.0,0.0,0.0
ambiguity_hesitation,ambiguity_window,3.0,hesitation_mean,1.0,1500,0.5,AWSC,32,289.5234,468.7526,1288.5,203.6875,295.0648,0.0085,246.5353,756.5196,0.0
ambiguity_hesitation,ambiguity_window,3.0,hesitation_mean,1.0,1500,0.5,Signal,32,15.5602,38.8535,1486.7188,0.0,16.4476,0.0242,0.0,0.0,0.0
ambiguity_hesitation,ambiguity_window,3.0,hesitation_mean,2.0,1500,0.5,AWSC,32,712.423,1164.4365,987.4062,504.7812,727.5888,0.0087,250.8836,758.7302,0.0
ambiguity_hesitation,ambiguity_window,3.0,hesitation_mean,2.0,1500,0.5,Signal,32,15.5602,38.8535,1486.7188,0.0,16.4476,0.0242,0.0,0.0,0.0
ambiguity_hesitation,ambiguity_window,3.0,hesitation_mean,3.0,1500,0.5,AWSC,32,1000.8268,1657.0954,777.0,715.1875,1022.0653,0.0092,252.856,760.4801,0.0
ambiguity_hesitation,ambiguity_window,3.0,hesitation_mean,3.0,1500,0.5,Signal,32,15.5602,38.8535,1486.7188,0.0,16.4476,0.0242,0.0,0.0,0.0
right_turn_pedestrian,right_turn_share,0.0,pedestrian_rate,0,1500,0.5,AWSC,32,13.6425,31.8753,1505.8438,5.9688,14.1101,0.0139,222.0196,0.0,0.0
right_turn_pedestrian,right_turn_share,0.0,pedestrian_rate,0,1500,0.5,Signal,32,15.6544,38.8086,1506.4062,0.0,16.5703,0.0243,0.0,0.0,0.0
right_turn_pedestrian,right_turn_share,0.0,pedestrian_rate,50,1500,0.5,AWSC,32,21.4716,48.8005,1502.5625,9.25,22.2246,0.0135,235.6797,0.0,38.398
right_turn_pedestrian,right_turn_share,0.0,pedestrian_rate,50,1500,0.5,Signal,32,15.791,38.9281,1506.3125,0.0,16.7489,0.0251,0.0,0.0,10.0445
right_turn_pedestrian,right_turn_share,0.0,pedestrian_rate,100,1500,0.5,AWSC,32,43.7226,82.956,1490.375,21.4375,44.9939,0.0114,243.6059,0.0,73.6598
right_turn_pedestrian,right_turn_share,0.0,pedestrian_rate,100,1500,0.5,Signal,32,15.9069,39.0042,1506.3125,0.0,16.9053,0.0255,0.0,0.0,18.656
right_turn_pedestrian,right_turn_share,0.0,pedestrian_rate,200,1500,0.5,AWSC,32,147.3539,246.788,1407.1875,104.625,150.4232,0.0096,249.6562,0.0,131.871
right_turn_pedestrian,right_turn_share,0.0,pedestrian_rate,200,1500,0.5,Signal,32,16.1186,39.1596,1506.2812,0.0,17.1959,0.0268,0.0,0.0,33.8888
right_turn_pedestrian,right_turn_share,0.0,pedestrian_rate,400,1500,0.5,AWSC,32,377.828,628.7283,1236.4375,275.375,386.3793,0.0099,251.2139,0.0,220.196
right_turn_pedestrian,right_turn_share,0.0,pedestrian_rate,400,1500,0.5,Signal,32,16.4325,39.4014,1506.0312,0.0,17.595,0.0275,0.0,0.0,55.5979
right_turn_pedestrian,right_turn_share,0.1,pedestrian_rate,0,1500,0.5,AWSC,32,13.3518,30.9081,1486.4688,6.5625,13.8522,0.015,224.2032,0.0,0.0
right_turn_pedestrian,right_turn_share,0.1,pedestrian_rate,0,1500,0.5,Signal,32,15.5829,38.652,1487.6562,0.0,16.5854,0.0275,0.0,0.0,0.0
right_turn_pedestrian,right_turn_share,0.1,pedestrian_rate,50,1500,0.5,AWSC,32,25.8279,56.7466,1481.9062,11.125,26.8413,0.0156,236.7657,0.0,48.1795
right_turn_pedestrian,right_turn_share,0.1,pedestrian_rate,50,1500,0.5,Signal,32,15.8605,38.8562,1487.5625,0.0,16.912,0.0278,0.0,0.0,22.4527
right_turn_pedestrian,right_turn_share,0.1,pedestrian_rate,100,1500,0.5,AWSC,32,66.6963,116.0007,1459.5625,33.4688,68.1068,0.0109,245.4108,0.0,89.8744
right_turn_pedestrian,right_turn_share,0.1,pedestrian_rate,100,1500,0.5,Signal,32,16.1543,39.0858,1487.3438,0.0625,17.3045,0.0292,0.0,0.0,43.3596
right_turn_pedestrian,right_turn_share,0.1,pedestrian_rate,200,1500,0.5,AWSC,32,259.822,407.2234,1317.9375,175.0938,265.253,0.0093,249.8659,0.0,169.0778
right_turn_pedestrian,right_turn_share,0.1,pedestrian_rate,200,1500,0.5,Signal,32,16.6603,39.4692,1487.2188,0.0938,17.9852,0.0317,0.0,0.0,78.7446
right_turn_pedestrian,right_turn_share,0.1,pedestrian_rate,400,1500,0.5,AWSC,32,527.8905,848.4995,1127.0,366.0312,539.2548,0.0087,251.3138,0.0,277.1019
right_turn_pedestrian,right_turn_share,0.1,pedestrian_rate,400,1500,0.5,Signal,32,17.4387,40.0801,1486.6562,0.1562,18.942,0.0336,0.0,0.0,128.9914
right_turn_pedestrian,right_turn_share,0.2,pedestrian_rate,0,1500,0.5,AWSC,32,13.5541,30.2983,1491.3125,5.5,13.9533,0.0124,225.522,0.0,0.0
right_turn_pedestrian,right_turn_share,0.2,pedestrian_rate,0,1500,0.5,Signal,32,15.6288,38.9283,1492.3125,0.0,16.5495,0.0243,0.0,0.0,0.0
right_turn_pedestrian,right_turn_share,0.2,pedestrian_rate,50,1500,0.5,AWSC,32,32.775,70.553,1481.5625,15.25,33.7338,0.0113,236.5459,0.0,56.795
right_turn_pedestrian,right_turn_share,0.2,pedestrian_rate,50,1500,0.5,Signal,32,16.0624,39.215,1492.0312,0.0312,17.097,0.0267,0.0,0.0,34.8256
right_turn_pedestrian,right_turn_share,0.2,pedestrian_rate,100,1500,0.5,AWSC,32,115.5917,183.68,1426.2188,70.5938,117.9084,0.0086,247.142,0.0,110.3274
right_turn_pedestrian,right_turn_share,0.2,pedestrian_rate,100,1500,0.5,Signal,32,16.5051,39.4958,1491.8125,0.0312,17.6768,0.0288,0.0,0.0,66.243
right_turn_pedestrian,right_turn_share,0.2,pedestrian_rate,200,1500,0.5,AWSC,32,361.4299,573.8327,1248.9062,247.9062,369.1717,0.0086,248.0717,0.0,201.2791
right_turn_pedestrian,right_turn_share,0.2,pedestrian_rate,200,1500,0.5,Signal,32,17.4278,40.225,1491.4375,0.0938,18.7886,0.0324,0.0,0.0,120.3329
right_turn_pedestrian,right_turn_share,0.2,pedestrian_rate,400,1500,0.5,AWSC,32,651.0269,1045.7781,1042.8125,454.0,663.7169,0.0086,247.1426,0.0,327.8993
right_turn_pedestrian,right_turn_share,0.2,pedestrian_rate,400,1500,0.5,Signal,32,19.2961,43.4493,1490.4375,0.0938,21.0905,0.0402,0.0,0.0,198.9293
right_turn_pedestrian,right_turn_share,0.3,pedestrian_rate,0,1500,0.5,AWSC,32,14.5711,32.9701,1494.5625,6.6562,15.1741,0.0165,224.4664,0.0,0.0
right_turn_pedestrian,right_turn_share,0.3,pedestrian_rate,0,1500,0.5,Signal,32,15.6369,38.7825,1496.1875,0.0625,16.5982,0.0256,0.0,0.0,0.0
right_turn_pedestrian,right_turn_share,0.3,pedestrian_rate,50,1500,0.5,AWSC,32,53.5792,92.6368,1475.7188,25.5,55.0013,0.0125,240.7567,0.0,69.1861
right_turn_pedestrian,right_turn_share,0.3,pedestrian_rate,50,1500,0.5,Signal,32,16.2702,39.2143,1495.9062,0.125,17.4248,0.0277,0.0,0.0,49.0534
right_turn_pedestrian,right_turn_share,0.3,pedestrian_rate,100,1500,0.5,AWSC,32,203.9613,306.6794,1368.75,132.4688,207.6753,0.0081,244.9824,0.0,131.1188
right_turn_pedestrian,right_turn_share,0.3,pedestrian_rate,100,1500,0.5,Signal,32,16.9468,39.7265,1495.4688,0.125,18.3436,0.0316,0.0,0.0,92.1661
right_turn_pedestrian,right_turn_share,0.3,pedestrian_rate,200,1500,0.5,AWSC,32,474.1371,741.945,1176.125,325.0938,484.6859,0.0091,248.1686,0.0,233.1564
right_turn_pedestrian,right_turn_share,0.3,pedestrian_rate,200,1500,0.5,Signal,32,18.4207,41.4117,1494.5625,0.2812,20.2429,0.0385,0.0,0.0,167.7648
right_turn_pedestrian,right_turn_share,0.3,pedestrian_rate,400,1500,0.5,AWSC,32,777.6477,1254.5204,957.8438,543.375,797.3258,0.0105,248.5995,0.0,380.8845
right_turn_pedestrian,right_turn_share,0.3,pedestrian_rate,400,1500,0.5,Signal,32,21.6215,50.174,1493.4062,0.4688,24.908,0.0582,0.0,0.0,275.7413
right_turn_pedestrian,right_turn_share,0.4,pedestrian_rate,0,1500,0.5,AWSC,32,14.8868,34.886,1490.1875,6.0938,15.3239,0.0119,225.8278,0.0,0.0
right_turn_pedestrian,right_turn_share,0.4,pedestrian_rate,0,1500,0.5,Signal,32,15.688,38.8042,1490.9688,0.0,16.6651,0.0268,0.0,0.0,0.0
right_turn_pedestrian,right_turn_share,0.4,pedestrian_rate,50,1500,0.5,AWSC,32,66.161,115.886,1463.625,32.6562,67.7098,0.011,246.5774,0.0,77.4847
right_turn_pedestrian,right_turn_share,0.4,pedestrian_rate,50,1500,0.5,Signal,32,16.5087,39.4347,1490.625,0.0,17.6311,0.0285,0.0,0.0,61.8853
right_turn_pedestrian,right_turn_share,0.4,pedestrian_rate,100,1500,0.5,AWSC,32,261.9972,415.3578,1323.4375,172.8438,267.306,0.0085,247.2094,0.0,151.9455
right_turn_pedestrian,right_turn_share,0.4,pedestrian_rate,100,1500,0.5,Signal,32,17.4799,40.2528,1490.0312,0.0938,18.9509,0.0325,0.0,0.0,118.2595
right_turn_pedestrian,right_turn_share,0.4,pedestrian_rate,200,1500,0.5,AWSC,32,559.1986,899.0562,1112.875,383.4062,570.6746,0.0087,249.0662,0.0,270.1786
right_turn_pedestrian,right_turn_share,0.4,pedestrian_rate,200,1500,0.5,Signal,32,19.7817,44.646,1489.4062,0.25,22.2861,0.046,0.0,0.0,213.7656
right_turn_pedestrian,right_turn_share,0.4,pedestrian_rate,400,1500,0.5,AWSC,32,883.1983,1434.7863,878.7188,617.5625,901.8664,0.0097,248.0931,0.0,445.3774
right_turn_pedestrian,right_turn_share,0.4,pedestrian_rate,400,1500,0.5,Signal,32,25.0121,61.0782,1487.2188,0.8438,29.5451,0.0694,0.0,0.0,349.3871
efficiency_fairness,signal_priority,0.0,,,1600,0.8,AWSC,40,19.8814,46.4335,1594.35,6.675,20.9331,0.0191,212.6734,0.0,0.0
efficiency_fairness,signal_priority,0.0,,,1600,0.8,Signal,40,22.3829,52.3129,1593.725,1.025,26.6232,0.1669,0.0,0.0,0.0
efficiency_fairness,signal_priority,0.25,,,1600,0.8,AWSC,40,19.8814,46.4335,1594.35,6.675,20.9331,0.0191,212.6734,0.0,0.0
efficiency_fairness,signal_priority,0.25,,,1600,0.8,Signal,40,15.9738,37.4321,1596.825,0.0,17.821,0.0391,0.0,0.0,0.0
efficiency_fairness,signal_priority,0.5,,,1600,0.8,AWSC,40,19.8814,46.4335,1594.35,6.675,20.9331,0.0191,212.6734,0.0,0.0
efficiency_fairness,signal_priority,0.5,,,1600,0.8,Signal,40,13.2684,35.9495,1597.925,0.0,21.4464,0.1526,0.0,0.0,0.0
efficiency_fairness,signal_priority,0.75,,,1600,0.8,AWSC,40,19.8814,46.4335,1594.35,6.675,20.9331,0.0191,212.6734,0.0,0.0
efficiency_fairness,signal_priority,0.75,,,1600,0.8,Signal,40,11.6971,39.7113,1598.3,0.0,25.4176,0.2518,0.0,0.0,0.0
efficiency_fairness,signal_priority,1.0,,,1600,0.8,AWSC,40,19.8814,46.4335,1594.35,6.675,20.9331,0.0191,212.6734,0.0,0.0
efficiency_fairness,signal_priority,1.0,,,1600,0.8,Signal,40,10.9897,45.3198,1598.325,0.0,30.5811,0.332,0.0,0.0,0.0
efficiency_fairness,signal_priority,1.1,,,1600,0.8,AWSC,40,19.8814,46.4335,1594.35,6.675,20.9331,0.0191,212.6734,0.0,0.0
efficiency_fairness,signal_priority,1.1,,,1600,0.8,Signal,40,11.3743,49.874,1598.125,0.0,35.8629,0.3695,0.0,0.0,0.0
efficiency_fairness,signal_priority,1.2,,,1600,0.8,AWSC,40,19.8814,46.4335,1594.35,6.675,20.9331,0.0191,212.6734,0.0,0.0
efficiency_fairness,signal_priority,1.2,,,1600,0.8,Signal,40,11.7544,53.7993,1597.825,0.025,40.5895,0.3961,0.0,0.0,0.0
compliance_tradeoff,stop_compliance,0.6,,,1400,0.5,AWSC,40,7.5819,15.8241,1397.975,2.575,7.8367,0.014,394.2708,0.0,0.0
compliance_tradeoff,stop_compliance,0.6,,,1400,0.5,Signal,40,15.1331,38.558,1395.7,0.0,16.0624,0.0251,0.0,0.0,0.0
compliance_tradeoff,stop_compliance,0.7,,,1400,0.5,AWSC,40,8.5663,18.1612,1397.325,3.225,8.8871,0.0148,306.715,0.0,0.0
compliance_tradeoff,stop_compliance,0.7,,,1400,0.5,Signal,40,15.1331,38.558,1395.7,0.0,16.0624,0.0251,0.0,0.0,0.0
compliance_tradeoff,stop_compliance,0.8,,,1400,0.5,AWSC,40,9.9627,21.7083,1396.65,3.9,10.3163,0.0142,208.627,0.0,0.0
compliance_tradeoff,stop_compliance,0.8,,,1400,0.5,Signal,40,15.1331,38.558,1395.7,0.0,16.0624,0.0251,0.0,0.0,0.0
compliance_tradeoff,stop_compliance,0.9,,,1400,0.5,AWSC,40,11.8905,26.3785,1396.3,4.25,12.2987,0.0139,109.4684,0.0,0.0
compliance_tradeoff,stop_compliance,0.9,,,1400,0.5,Signal,40,15.1331,38.558,1395.7,0.0,16.0624,0.0251,0.0,0.0,0.0
compliance_tradeoff,stop_compliance,1.0,,,1400,0.5,AWSC,40,15.3503,33.9628,1395.175,5.375,15.8553,0.013,0.0,0.0,0.0
compliance_tradeoff,stop_compliance,1.0,,,1400,0.5,Signal,40,15.1331,38.558,1395.7,0.0,16.0624,0.0251,0.0,0.0,0.0
